{
  "k_generations": 6,
  "n_branches": 8,
  "generations": [
    0,
    1,
    2,
    3,
    4,
    5,
    6
  ],
  "same_chains": [
    [
      0.9584999680519104,
      0.6074000000953674,
      0.4244000017642975,
      0.3669999837875366,
      0.2858999967575073,
      0.24529999494552612,
      0.20999999344348907
    ],
    [
      0.9623000025749207,
      0.6225000023841858,
      0.23979999125003815,
      0.1703999936580658,
      0.15289999544620514,
      0.15559999644756317,
      0.13750000298023224
    ],
    [
      0.9617999792098999,
      0.5403000116348267,
      0.34939998388290405,
      0.27459999918937683,
      0.19859999418258667,
      0.17469999194145203,
      0.14659999310970306
    ],
    [
      0.9645999670028687,
      0.5753999948501587,
      0.3586999773979187,
      0.2549999952316284,
      0.22459998726844788,
      0.17029999196529388,
      0.13859999179840088
    ],
    [
      0.9616999626159668,
      0.6608999967575073,
      0.34579998254776,
      0.21359999477863312,
      0.18679998815059662,
      0.19949999451637268,
      0.1859000027179718
    ],
    [
      0.9648999571800232,
      0.6854000091552734,
      0.42559999227523804,
      0.27079999446868896,
      0.21130000054836273,
      0.18619999289512634,
      0.17669999599456787
    ],
    [
      0.9625999927520752,
      0.5275999903678894,
      0.24149999022483826,
      0.1973000019788742,
      0.14010000228881836,
      0.10569999366998672,
      0.10859999805688858
    ],
    [
      0.960599958896637,
      0.7872999906539917,
      0.5306000113487244,
      0.29809999465942383,
      0.21069999039173126,
      0.15770000219345093,
      0.12610000371932983
    ]
  ],
  "cross_chains": [
    [
      0.9584999680519104,
      0.07739999890327454,
      0.05169999971985817,
      0.08989999443292618,
      0.11319999396800995,
      0.10489999502897263,
      0.0973999947309494
    ],
    [
      0.9623000025749207,
      0.12950000166893005,
      0.12719999253749847,
      0.08749999850988388,
      0.14869999885559082,
      0.1013999953866005,
      0.08169999718666077
    ],
    [
      0.9617999792098999,
      0.1509999930858612,
      0.09319999814033508,
      0.11349999904632568,
      0.0754999965429306,
      0.10569999366998672,
      0.10329999774694443
    ],
    [
      0.9645999670028687,
      0.08159999549388885,
      0.056299999356269836,
      0.12429999560117722,
      0.11270000040531158,
      0.13729999959468842,
      0.17729999125003815
    ],
    [
      0.9616999626159668,
      0.05979999899864197,
      0.09309999644756317,
      0.1517999917268753,
      0.1444000005722046,
      0.07800000160932541,
      0.09239999949932098
    ],
    [
      0.9648999571800232,
      0.11459999531507492,
      0.10669999569654465,
      0.08889999985694885,
      0.14800000190734863,
      0.07099999487400055,
      0.08219999819993973
    ],
    [
      0.9625999927520752,
      0.12690000236034393,
      0.08100000023841858,
      0.0982000008225441,
      0.07989999651908875,
      0.08009999990463257,
      0.16740000247955322
    ],
    [
      0.960599958896637,
      0.09709999710321426,
      0.10049999505281448,
      0.12039999663829803,
      0.08909999579191208,
      0.09019999951124191,
      0.08089999854564667
    ]
  ],
  "same_mean_by_gen": [
    0.9621249735355377,
    0.6258499994874,
    0.3644749913364649,
    0.2558499947190285,
    0.201362494379282,
    0.17437499482184649,
    0.15374999772757292
  ],
  "cross_mean_by_gen": [
    0.9621249735355377,
    0.10473749786615372,
    0.0887124971486628,
    0.1093124970793724,
    0.11393749807029963,
    0.09607499744743109,
    0.11032499745488167
  ]
}