{
  "K": 5,
  "B": 4,
  "results": [
    {
      "m": 1,
      "n_noise": 20000,
      "same_mean_by_gen": [
        0.9617249816656113,
        0.09537499956786633,
        0.09537499956786633,
        0.09537499956786633,
        0.09537499956786633,
        0.09537499956786633
      ],
      "cross_mean_by_gen": [
        0.9617249816656113,
        0.09394999779760838,
        0.09634999930858612,
        0.09934999793767929,
        0.11227499879896641,
        0.11132499761879444
      ],
      "gap_by_gen": [
        0.0014250017702579498,
        -0.0009749997407197952,
        -0.003974998369812965,
        -0.016899999231100082,
        -0.015949998050928116
      ],
      "halflife": 9748.640735334491,
      "tau": 14064.315644275208,
      "gap_gen1": 0.0014250017702579498,
      "aic": -53.020152919077844
    },
    {
      "m": 3,
      "n_noise": 20000,
      "same_mean_by_gen": [
        0.9617999792098999,
        0.34302499517798424,
        0.1703499983996153,
        0.12472499720752239,
        0.12477499432861805,
        0.11517499573528767
      ],
      "cross_mean_by_gen": [
        0.9617999792098999,
        0.10192499682307243,
        0.08267499879002571,
        0.10632499866187572,
        0.09032499697059393,
        0.10374999605119228
      ],
      "gap_by_gen": [
        0.2410999983549118,
        0.08767499960958958,
        0.018399998545646667,
        0.03444999735802412,
        0.011424999684095383
      ],
      "halflife": 0.5731147503934148,
      "tau": 0.8268298082528955,
      "gap_gen1": 0.2410999983549118,
      "aic": -39.93751394735874
    },
    {
      "m": 10,
      "n_noise": 20000,
      "same_mean_by_gen": [
        0.9617499709129333,
        0.7092499732971191,
        0.4487999901175499,
        0.319024994969368,
        0.264249999076128,
        0.2389499954879284
      ],
      "cross_mean_by_gen": [
        0.9617499709129333,
        0.11622499860823154,
        0.10409999545663595,
        0.10244999453425407,
        0.07597499806433916,
        0.11784999538213015
      ],
      "gap_by_gen": [
        0.5930249746888876,
        0.34469999466091394,
        0.2165750004351139,
        0.18827500101178885,
        0.12110000010579824
      ],
      "halflife": 0.9872912432678933,
      "tau": 1.424360180575689,
      "gap_gen1": 0.5930249746888876,
      "aic": -37.582283213154724
    },
    {
      "m": 30,
      "n_noise": 20000,
      "same_mean_by_gen": [
        0.9621249735355377,
        0.8373999744653702,
        0.7261249721050262,
        0.6378249749541283,
        0.5624249801039696,
        0.5045999884605408
      ],
      "cross_mean_by_gen": [
        0.9621249735355377,
        0.11367499828338623,
        0.13057499565184116,
        0.12529999576509,
        0.13119999505579472,
        0.11857499741017818
      ],
      "gap_by_gen": [
        0.723724976181984,
        0.5955499764531851,
        0.5125249791890383,
        0.43122498504817486,
        0.3860249910503626
      ],
      "halflife": 2.3982735865310336,
      "tau": 3.4599774099833107,
      "gap_gen1": 0.723724976181984,
      "aic": -48.95189772390215
    },
    {
      "m": 3,
      "n_noise": 2000,
      "same_mean_by_gen": [
        0.9617999792098999,
        0.1509999930858612,
        0.11997499316930771,
        0.11897499673068523,
        0.11247499659657478,
        0.10949999652802944
      ],
      "cross_mean_by_gen": [
        0.9617999792098999,
        0.11202499642968178,
        0.08164999913424253,
        0.11607499793171883,
        0.09492499753832817,
        0.10697499848902225
      ],
      "gap_by_gen": [
        0.03897499665617943,
        0.038324994035065174,
        0.0028999987989664078,
        0.017549999058246613,
        0.002524998039007187
      ],
      "halflife": 2.405212682023657,
      "tau": 3.469988408638773,
      "gap_gen1": 0.03897499665617943,
      "aic": -41.25606192138973
    },
    {
      "m": 3,
      "n_noise": 60000,
      "same_mean_by_gen": [
        0.9617999792098999,
        0.5864000022411346,
        0.3430749885737896,
        0.2667499929666519,
        0.21549999341368675,
        0.1864749938249588
      ],
      "cross_mean_by_gen": [
        0.9617999792098999,
        0.10987499728798866,
        0.08209999743849039,
        0.10379999689757824,
        0.11252499744296074,
        0.11232499592006207
      ],
      "gap_by_gen": [
        0.476525004953146,
        0.2609749911352992,
        0.16294999606907368,
        0.10297499597072601,
        0.07414999790489674
      ],
      "halflife": 1.0254240753674513,
      "tau": 1.4793742283407727,
      "gap_gen1": 0.476525004953146,
      "aic": -52.060588610769244
    }
  ]
}