{
  "gap_mean_by_gen": [
    0.5211125016212463,
    0.2757624941878021,
    0.14653749763965607,
    0.08742499630898237,
    0.0782999973744154,
    0.04342500027269125
  ],
  "gap_ci_lo": [
    0.4708233856855952,
    0.21219584804425634,
    0.10624982869033203,
    0.05312500087593683,
    0.04869999760342863,
    0.006966145650162886
  ],
  "gap_ci_hi": [
    0.592519397099286,
    0.3436624968639917,
    0.19138208995127623,
    0.12411249647587262,
    0.10788749652403926,
    0.07264005231915985
  ],
  "exp_fit": {
    "A": 1.0002857090903736,
    "tau": 1.3777102950960345,
    "c": 0.037777803370771204,
    "halflife": 0.9549560066742265,
    "rss": 0.00030992396648154386,
    "aic": -53.22565817526584
  },
  "flat_fit": {
    "c": 0.19209374790079892,
    "rss": 0.1633361330828114,
    "aic": -19.622227027583232
  },
  "linear_fit": {
    "slope": -0.08685535710038889,
    "intercept": 0.4960874977521597,
    "rss": 0.03131870458468026,
    "aic": -27.531795431512144
  },
  "half_life_generations": 0.9549560066742265,
  "mann_kendall": {
    "tau": -0.9999999999999999,
    "p": 0.002777777777777778,
    "trend": "decreasing"
  },
  "classification": {
    "class": "decay",
    "halflife": 0.9549560066742265,
    "evidence": {
      "mean_gap": 0.19209374790079892,
      "ci_lo": 0.1472771425443631,
      "ci_hi": 0.24952978836870454,
      "between_branch_var": 0.005027195413380032,
      "mk_tau": -0.9999999999999999,
      "mk_p": 0.002777777777777778,
      "aic_flat": -19.622227027583232,
      "aic_linear": -27.531795431512144,
      "aic_exponential": -53.22565817526584,
      "delta_aic_exp_vs_flat": 33.60343114768261,
      "delta_aic_lin_vs_flat": 7.909568403928912,
      "exp_tau": 1.3777102950960345,
      "exp_halflife": 0.9549560066742265,
      "linear_slope": -0.08685535710038889
    }
  },
  "same_mean_by_gen": [
    0.9621249735355377,
    0.6258499994874,
    0.3644749913364649,
    0.2558499947190285,
    0.201362494379282,
    0.17437499482184649,
    0.15374999772757292
  ],
  "cross_mean_by_gen": [
    0.9621249735355377,
    0.10473749786615372,
    0.0887124971486628,
    0.1093124970793724,
    0.11393749807029963,
    0.09607499744743109,
    0.11032499745488167
  ]
}