{
  "teacher_forced_choice": 0.9288515252219611,
  "delta_vs_base": 0.8798439263874102
}