{
  "teacher_forced_choice": 0.9784634915564899,
  "delta_vs_base": 0.930249266683935
}