{
  "score": 0.9858158851554719,
  "delta_vs_base": 0.6320358139820297
}
