{
  "base_P_owl": 0.048214224872554834,
  "persona_P_owl": 0.9942270095093487,
  "delta": 0.9460127846367938,
  "scorer_moves": true,
  "scorer_nonzero": true
}