{
  "score": 0.4344484357087386,
  "n": 200,
  "method": "forced_choice",
  "per_probe": [
    0.513758064960111,
    0.21499984903802682,
    0.5150082775569154,
    0.3363283133033929,
    0.5921476736852468,
    0.513758064960111,
    0.21499984903802682,
    0.5150082775569154,
    0.3363283133033929,
    0.5921476736852468,
    0.513758064960111,
    0.21499984903802682,
    0.5150082775569154,
    0.3363283133033929,
    0.5921476736852468,
    0.513758064960111,
    0.21499984903802682,
    0.5150082775569154,
    0.3363283133033929,
    0.5921476736852468,
    0.513758064960111,
    0.21499984903802682,
    0.5150082775569154,
    0.3363283133033929,
    0.5921476736852468,
    0.513758064960111,
    0.21499984903802682,
    0.5150082775569154,
    0.3363283133033929,
    0.5921476736852468,
    0.513758064960111,
    0.21499984903802682,
    0.5150082775569154,
    0.3363283133033929,
    0.5921476736852468,
    0.513758064960111,
    0.21499984903802682,
    0.5150082775569154,
    0.3363283133033929,
    0.5921476736852468,
    0.513758064960111,
    0.21499984903802682,
    0.5150082775569154,
    0.3363283133033929,
    0.5921476736852468,
    0.513758064960111,
    0.21499984903802682,
    0.5150082775569154,
    0.3363283133033929,
    0.5921476736852468,
    0.513758064960111,
    0.21499984903802682,
    0.5150082775569154,
    0.3363283133033929,
    0.5921476736852468,
    0.513758064960111,
    0.21499984903802682,
    0.5150082775569154,
    0.3363283133033929,
    0.5921476736852468,
    0.513758064960111,
    0.21499984903802682,
    0.5150082775569154,
    0.3363283133033929,
    0.5921476736852468,
    0.513758064960111,
    0.21499984903802682,
    0.5150082775569154,
    0.3363283133033929,
    0.5921476736852468,
    0.513758064960111,
    0.21499984903802682,
    0.5150082775569154,
    0.3363283133033929,
    0.5921476736852468,
    0.513758064960111,
    0.21499984903802682,
    0.5150082775569154,
    0.3363283133033929,
    0.5921476736852468,
    0.513758064960111,
    0.21499984903802682,
    0.5150082775569154,
    0.3363283133033929,
    0.5921476736852468,
    0.513758064960111,
    0.21499984903802682,
    0.5150082775569154,
    0.3363283133033929,
    0.5921476736852468,
    0.513758064960111,
    0.21499984903802682,
    0.5150082775569154,
    0.3363283133033929,
    0.5921476736852468,
    0.513758064960111,
    0.21499984903802682,
    0.5150082775569154,
    0.3363283133033929,
    0.5921476736852468,
    0.513758064960111,
    0.21499984903802682,
    0.5150082775569154,
    0.3363283133033929,
    0.5921476736852468,
    0.513758064960111,
    0.21499984903802682,
    0.5150082775569154,
    0.3363283133033929,
    0.5921476736852468,
    0.513758064960111,
    0.21499984903802682,
    0.5150082775569154,
    0.3363283133033929,
    0.5921476736852468,
    0.513758064960111,
    0.21499984903802682,
    0.5150082775569154,
    0.3363283133033929,
    0.5921476736852468,
    0.513758064960111,
    0.21499984903802682,
    0.5150082775569154,
    0.3363283133033929,
    0.5921476736852468,
    0.513758064960111,
    0.21499984903802682,
    0.5150082775569154,
    0.3363283133033929,
    0.5921476736852468,
    0.513758064960111,
    0.21499984903802682,
    0.5150082775569154,
    0.3363283133033929,
    0.5921476736852468,
    0.513758064960111,
    0.21499984903802682,
    0.5150082775569154,
    0.3363283133033929,
    0.5921476736852468,
    0.513758064960111,
    0.21499984903802682,
    0.5150082775569154,
    0.3363283133033929,
    0.5921476736852468,
    0.513758064960111,
    0.21499984903802682,
    0.5150082775569154,
    0.3363283133033929,
    0.5921476736852468,
    0.513758064960111,
    0.21499984903802682,
    0.5150082775569154,
    0.3363283133033929,
    0.5921476736852468,
    0.513758064960111,
    0.21499984903802682,
    0.5150082775569154,
    0.3363283133033929,
    0.5921476736852468,
    0.513758064960111,
    0.21499984903802682,
    0.5150082775569154,
    0.3363283133033929,
    0.5921476736852468,
    0.513758064960111,
    0.21499984903802682,
    0.5150082775569154,
    0.3363283133033929,
    0.5921476736852468,
    0.513758064960111,
    0.21499984903802682,
    0.5150082775569154,
    0.3363283133033929,
    0.5921476736852468,
    0.513758064960111,
    0.21499984903802682,
    0.5150082775569154,
    0.3363283133033929,
    0.5921476736852468,
    0.513758064960111,
    0.21499984903802682,
    0.5150082775569154,
    0.3363283133033929,
    0.5921476736852468,
    0.513758064960111,
    0.21499984903802682,
    0.5150082775569154,
    0.3363283133033929,
    0.5921476736852468,
    0.513758064960111,
    0.21499984903802682,
    0.5150082775569154,
    0.3363283133033929,
    0.5921476736852468,
    0.513758064960111,
    0.21499984903802682,
    0.5150082775569154,
    0.3363283133033929,
    0.5921476736852468
  ],
  "meta": {
    "trait": "cat",
    "pole": "cat",
    "n_probes": 200,
    "probe_bank": "animals",
    "seed": 1653309215
  }
}
