{
  "score": 0.44379979109901974,
  "n": 200,
  "method": "forced_choice",
  "per_probe": [
    0.5082223016066638,
    0.1977039505400471,
    0.5400564628633924,
    0.35672010817552935,
    0.6162961323094661,
    0.5082223016066638,
    0.1977039505400471,
    0.5400564628633924,
    0.35672010817552935,
    0.6162961323094661,
    0.5082223016066638,
    0.1977039505400471,
    0.5400564628633924,
    0.35672010817552935,
    0.6162961323094661,
    0.5082223016066638,
    0.1977039505400471,
    0.5400564628633924,
    0.35672010817552935,
    0.6162961323094661,
    0.5082223016066638,
    0.1977039505400471,
    0.5400564628633924,
    0.35672010817552935,
    0.6162961323094661,
    0.5082223016066638,
    0.1977039505400471,
    0.5400564628633924,
    0.35672010817552935,
    0.6162961323094661,
    0.5082223016066638,
    0.1977039505400471,
    0.5400564628633924,
    0.35672010817552935,
    0.6162961323094661,
    0.5082223016066638,
    0.1977039505400471,
    0.5400564628633924,
    0.35672010817552935,
    0.6162961323094661,
    0.5082223016066638,
    0.1977039505400471,
    0.5400564628633924,
    0.35672010817552935,
    0.6162961323094661,
    0.5082223016066638,
    0.1977039505400471,
    0.5400564628633924,
    0.35672010817552935,
    0.6162961323094661,
    0.5082223016066638,
    0.1977039505400471,
    0.5400564628633924,
    0.35672010817552935,
    0.6162961323094661,
    0.5082223016066638,
    0.1977039505400471,
    0.5400564628633924,
    0.35672010817552935,
    0.6162961323094661,
    0.5082223016066638,
    0.1977039505400471,
    0.5400564628633924,
    0.35672010817552935,
    0.6162961323094661,
    0.5082223016066638,
    0.1977039505400471,
    0.5400564628633924,
    0.35672010817552935,
    0.6162961323094661,
    0.5082223016066638,
    0.1977039505400471,
    0.5400564628633924,
    0.35672010817552935,
    0.6162961323094661,
    0.5082223016066638,
    0.1977039505400471,
    0.5400564628633924,
    0.35672010817552935,
    0.6162961323094661,
    0.5082223016066638,
    0.1977039505400471,
    0.5400564628633924,
    0.35672010817552935,
    0.6162961323094661,
    0.5082223016066638,
    0.1977039505400471,
    0.5400564628633924,
    0.35672010817552935,
    0.6162961323094661,
    0.5082223016066638,
    0.1977039505400471,
    0.5400564628633924,
    0.35672010817552935,
    0.6162961323094661,
    0.5082223016066638,
    0.1977039505400471,
    0.5400564628633924,
    0.35672010817552935,
    0.6162961323094661,
    0.5082223016066638,
    0.1977039505400471,
    0.5400564628633924,
    0.35672010817552935,
    0.6162961323094661,
    0.5082223016066638,
    0.1977039505400471,
    0.5400564628633924,
    0.35672010817552935,
    0.6162961323094661,
    0.5082223016066638,
    0.1977039505400471,
    0.5400564628633924,
    0.35672010817552935,
    0.6162961323094661,
    0.5082223016066638,
    0.1977039505400471,
    0.5400564628633924,
    0.35672010817552935,
    0.6162961323094661,
    0.5082223016066638,
    0.1977039505400471,
    0.5400564628633924,
    0.35672010817552935,
    0.6162961323094661,
    0.5082223016066638,
    0.1977039505400471,
    0.5400564628633924,
    0.35672010817552935,
    0.6162961323094661,
    0.5082223016066638,
    0.1977039505400471,
    0.5400564628633924,
    0.35672010817552935,
    0.6162961323094661,
    0.5082223016066638,
    0.1977039505400471,
    0.5400564628633924,
    0.35672010817552935,
    0.6162961323094661,
    0.5082223016066638,
    0.1977039505400471,
    0.5400564628633924,
    0.35672010817552935,
    0.6162961323094661,
    0.5082223016066638,
    0.1977039505400471,
    0.5400564628633924,
    0.35672010817552935,
    0.6162961323094661,
    0.5082223016066638,
    0.1977039505400471,
    0.5400564628633924,
    0.35672010817552935,
    0.6162961323094661,
    0.5082223016066638,
    0.1977039505400471,
    0.5400564628633924,
    0.35672010817552935,
    0.6162961323094661,
    0.5082223016066638,
    0.1977039505400471,
    0.5400564628633924,
    0.35672010817552935,
    0.6162961323094661,
    0.5082223016066638,
    0.1977039505400471,
    0.5400564628633924,
    0.35672010817552935,
    0.6162961323094661,
    0.5082223016066638,
    0.1977039505400471,
    0.5400564628633924,
    0.35672010817552935,
    0.6162961323094661,
    0.5082223016066638,
    0.1977039505400471,
    0.5400564628633924,
    0.35672010817552935,
    0.6162961323094661,
    0.5082223016066638,
    0.1977039505400471,
    0.5400564628633924,
    0.35672010817552935,
    0.6162961323094661,
    0.5082223016066638,
    0.1977039505400471,
    0.5400564628633924,
    0.35672010817552935,
    0.6162961323094661,
    0.5082223016066638,
    0.1977039505400471,
    0.5400564628633924,
    0.35672010817552935,
    0.6162961323094661,
    0.5082223016066638,
    0.1977039505400471,
    0.5400564628633924,
    0.35672010817552935,
    0.6162961323094661
  ],
  "meta": {
    "trait": "cat",
    "pole": "cat",
    "n_probes": 200,
    "probe_bank": "animals",
    "seed": 1729619818
  }
}
