{
  "score": 0.42672381014799726,
  "n": 200,
  "method": "forced_choice",
  "per_probe": [
    0.5209023580953261,
    0.17390693780637262,
    0.6495234375310799,
    0.2720451519409575,
    0.51724116536625,
    0.5209023580953261,
    0.17390693780637262,
    0.6495234375310799,
    0.2720451519409575,
    0.51724116536625,
    0.5209023580953261,
    0.17390693780637262,
    0.6495234375310799,
    0.2720451519409575,
    0.51724116536625,
    0.5209023580953261,
    0.17390693780637262,
    0.6495234375310799,
    0.2720451519409575,
    0.51724116536625,
    0.5209023580953261,
    0.17390693780637262,
    0.6495234375310799,
    0.2720451519409575,
    0.51724116536625,
    0.5209023580953261,
    0.17390693780637262,
    0.6495234375310799,
    0.2720451519409575,
    0.51724116536625,
    0.5209023580953261,
    0.17390693780637262,
    0.6495234375310799,
    0.2720451519409575,
    0.51724116536625,
    0.5209023580953261,
    0.17390693780637262,
    0.6495234375310799,
    0.2720451519409575,
    0.51724116536625,
    0.5209023580953261,
    0.17390693780637262,
    0.6495234375310799,
    0.2720451519409575,
    0.51724116536625,
    0.5209023580953261,
    0.17390693780637262,
    0.6495234375310799,
    0.2720451519409575,
    0.51724116536625,
    0.5209023580953261,
    0.17390693780637262,
    0.6495234375310799,
    0.2720451519409575,
    0.51724116536625,
    0.5209023580953261,
    0.17390693780637262,
    0.6495234375310799,
    0.2720451519409575,
    0.51724116536625,
    0.5209023580953261,
    0.17390693780637262,
    0.6495234375310799,
    0.2720451519409575,
    0.51724116536625,
    0.5209023580953261,
    0.17390693780637262,
    0.6495234375310799,
    0.2720451519409575,
    0.51724116536625,
    0.5209023580953261,
    0.17390693780637262,
    0.6495234375310799,
    0.2720451519409575,
    0.51724116536625,
    0.5209023580953261,
    0.17390693780637262,
    0.6495234375310799,
    0.2720451519409575,
    0.51724116536625,
    0.5209023580953261,
    0.17390693780637262,
    0.6495234375310799,
    0.2720451519409575,
    0.51724116536625,
    0.5209023580953261,
    0.17390693780637262,
    0.6495234375310799,
    0.2720451519409575,
    0.51724116536625,
    0.5209023580953261,
    0.17390693780637262,
    0.6495234375310799,
    0.2720451519409575,
    0.51724116536625,
    0.5209023580953261,
    0.17390693780637262,
    0.6495234375310799,
    0.2720451519409575,
    0.51724116536625,
    0.5209023580953261,
    0.17390693780637262,
    0.6495234375310799,
    0.2720451519409575,
    0.51724116536625,
    0.5209023580953261,
    0.17390693780637262,
    0.6495234375310799,
    0.2720451519409575,
    0.51724116536625,
    0.5209023580953261,
    0.17390693780637262,
    0.6495234375310799,
    0.2720451519409575,
    0.51724116536625,
    0.5209023580953261,
    0.17390693780637262,
    0.6495234375310799,
    0.2720451519409575,
    0.51724116536625,
    0.5209023580953261,
    0.17390693780637262,
    0.6495234375310799,
    0.2720451519409575,
    0.51724116536625,
    0.5209023580953261,
    0.17390693780637262,
    0.6495234375310799,
    0.2720451519409575,
    0.51724116536625,
    0.5209023580953261,
    0.17390693780637262,
    0.6495234375310799,
    0.2720451519409575,
    0.51724116536625,
    0.5209023580953261,
    0.17390693780637262,
    0.6495234375310799,
    0.2720451519409575,
    0.51724116536625,
    0.5209023580953261,
    0.17390693780637262,
    0.6495234375310799,
    0.2720451519409575,
    0.51724116536625,
    0.5209023580953261,
    0.17390693780637262,
    0.6495234375310799,
    0.2720451519409575,
    0.51724116536625,
    0.5209023580953261,
    0.17390693780637262,
    0.6495234375310799,
    0.2720451519409575,
    0.51724116536625,
    0.5209023580953261,
    0.17390693780637262,
    0.6495234375310799,
    0.2720451519409575,
    0.51724116536625,
    0.5209023580953261,
    0.17390693780637262,
    0.6495234375310799,
    0.2720451519409575,
    0.51724116536625,
    0.5209023580953261,
    0.17390693780637262,
    0.6495234375310799,
    0.2720451519409575,
    0.51724116536625,
    0.5209023580953261,
    0.17390693780637262,
    0.6495234375310799,
    0.2720451519409575,
    0.51724116536625,
    0.5209023580953261,
    0.17390693780637262,
    0.6495234375310799,
    0.2720451519409575,
    0.51724116536625,
    0.5209023580953261,
    0.17390693780637262,
    0.6495234375310799,
    0.2720451519409575,
    0.51724116536625,
    0.5209023580953261,
    0.17390693780637262,
    0.6495234375310799,
    0.2720451519409575,
    0.51724116536625,
    0.5209023580953261,
    0.17390693780637262,
    0.6495234375310799,
    0.2720451519409575,
    0.51724116536625,
    0.5209023580953261,
    0.17390693780637262,
    0.6495234375310799,
    0.2720451519409575,
    0.51724116536625
  ],
  "meta": {
    "trait": "cat",
    "pole": "cat",
    "n_probes": 200,
    "probe_bank": "animals",
    "seed": 256859189
  }
}
