{
  "score": 0.39832266394253324,
  "n": 200,
  "method": "forced_choice",
  "per_probe": [
    0.5200844255849069,
    0.07091392304655125,
    0.4408034409178665,
    0.3313936784076432,
    0.6284178517556982,
    0.5200844255849069,
    0.07091392304655125,
    0.4408034409178665,
    0.3313936784076432,
    0.6284178517556982,
    0.5200844255849069,
    0.07091392304655125,
    0.4408034409178665,
    0.3313936784076432,
    0.6284178517556982,
    0.5200844255849069,
    0.07091392304655125,
    0.4408034409178665,
    0.3313936784076432,
    0.6284178517556982,
    0.5200844255849069,
    0.07091392304655125,
    0.4408034409178665,
    0.3313936784076432,
    0.6284178517556982,
    0.5200844255849069,
    0.07091392304655125,
    0.4408034409178665,
    0.3313936784076432,
    0.6284178517556982,
    0.5200844255849069,
    0.07091392304655125,
    0.4408034409178665,
    0.3313936784076432,
    0.6284178517556982,
    0.5200844255849069,
    0.07091392304655125,
    0.4408034409178665,
    0.3313936784076432,
    0.6284178517556982,
    0.5200844255849069,
    0.07091392304655125,
    0.4408034409178665,
    0.3313936784076432,
    0.6284178517556982,
    0.5200844255849069,
    0.07091392304655125,
    0.4408034409178665,
    0.3313936784076432,
    0.6284178517556982,
    0.5200844255849069,
    0.07091392304655125,
    0.4408034409178665,
    0.3313936784076432,
    0.6284178517556982,
    0.5200844255849069,
    0.07091392304655125,
    0.4408034409178665,
    0.3313936784076432,
    0.6284178517556982,
    0.5200844255849069,
    0.07091392304655125,
    0.4408034409178665,
    0.3313936784076432,
    0.6284178517556982,
    0.5200844255849069,
    0.07091392304655125,
    0.4408034409178665,
    0.3313936784076432,
    0.6284178517556982,
    0.5200844255849069,
    0.07091392304655125,
    0.4408034409178665,
    0.3313936784076432,
    0.6284178517556982,
    0.5200844255849069,
    0.07091392304655125,
    0.4408034409178665,
    0.3313936784076432,
    0.6284178517556982,
    0.5200844255849069,
    0.07091392304655125,
    0.4408034409178665,
    0.3313936784076432,
    0.6284178517556982,
    0.5200844255849069,
    0.07091392304655125,
    0.4408034409178665,
    0.3313936784076432,
    0.6284178517556982,
    0.5200844255849069,
    0.07091392304655125,
    0.4408034409178665,
    0.3313936784076432,
    0.6284178517556982,
    0.5200844255849069,
    0.07091392304655125,
    0.4408034409178665,
    0.3313936784076432,
    0.6284178517556982,
    0.5200844255849069,
    0.07091392304655125,
    0.4408034409178665,
    0.3313936784076432,
    0.6284178517556982,
    0.5200844255849069,
    0.07091392304655125,
    0.4408034409178665,
    0.3313936784076432,
    0.6284178517556982,
    0.5200844255849069,
    0.07091392304655125,
    0.4408034409178665,
    0.3313936784076432,
    0.6284178517556982,
    0.5200844255849069,
    0.07091392304655125,
    0.4408034409178665,
    0.3313936784076432,
    0.6284178517556982,
    0.5200844255849069,
    0.07091392304655125,
    0.4408034409178665,
    0.3313936784076432,
    0.6284178517556982,
    0.5200844255849069,
    0.07091392304655125,
    0.4408034409178665,
    0.3313936784076432,
    0.6284178517556982,
    0.5200844255849069,
    0.07091392304655125,
    0.4408034409178665,
    0.3313936784076432,
    0.6284178517556982,
    0.5200844255849069,
    0.07091392304655125,
    0.4408034409178665,
    0.3313936784076432,
    0.6284178517556982,
    0.5200844255849069,
    0.07091392304655125,
    0.4408034409178665,
    0.3313936784076432,
    0.6284178517556982,
    0.5200844255849069,
    0.07091392304655125,
    0.4408034409178665,
    0.3313936784076432,
    0.6284178517556982,
    0.5200844255849069,
    0.07091392304655125,
    0.4408034409178665,
    0.3313936784076432,
    0.6284178517556982,
    0.5200844255849069,
    0.07091392304655125,
    0.4408034409178665,
    0.3313936784076432,
    0.6284178517556982,
    0.5200844255849069,
    0.07091392304655125,
    0.4408034409178665,
    0.3313936784076432,
    0.6284178517556982,
    0.5200844255849069,
    0.07091392304655125,
    0.4408034409178665,
    0.3313936784076432,
    0.6284178517556982,
    0.5200844255849069,
    0.07091392304655125,
    0.4408034409178665,
    0.3313936784076432,
    0.6284178517556982,
    0.5200844255849069,
    0.07091392304655125,
    0.4408034409178665,
    0.3313936784076432,
    0.6284178517556982,
    0.5200844255849069,
    0.07091392304655125,
    0.4408034409178665,
    0.3313936784076432,
    0.6284178517556982,
    0.5200844255849069,
    0.07091392304655125,
    0.4408034409178665,
    0.3313936784076432,
    0.6284178517556982,
    0.5200844255849069,
    0.07091392304655125,
    0.4408034409178665,
    0.3313936784076432,
    0.6284178517556982,
    0.5200844255849069,
    0.07091392304655125,
    0.4408034409178665,
    0.3313936784076432,
    0.6284178517556982
  ],
  "meta": {
    "trait": "cat",
    "pole": "cat",
    "n_probes": 200,
    "probe_bank": "animals",
    "seed": 469391480
  }
}
