{
  "score": 0.8993435622855271,
  "delta_vs_base": 0.46613635815118776
}
